Data,cv_loss,train_loss,colsample_bynode,learning_rate,max_depth,n_estimators,subsample,model
Set2: XGBClassifier Non Zero Features,0.017919715,0.010523712,0.6,1,3,359,0.7,xgboost.XGBClassifier
Set2: XGBClassifier Non Zero Features,0.018278892,0.009557546,0.6,0.5,3,42,0.7,xgboost.XGBClassifier
Set2: XGBClassifier Non Zero Features,0.018280515,0.009454544,0.6,0.5,3,175,0.7,xgboost.XGBClassifier
Set2: XGBClassifier Non Zero Features,0.018280515,0.009454544,0.6,0.5,3,175,0.7,xgboost.XGBClassifier
Set2: XGBClassifier Non Zero Features,0.018290931,0.00946598,0.6,0.5,3,112,0.7,xgboost.XGBClassifier
Set1: K Best: 800px + 2000 Bigram bytes + other features,0.018312676,0.011605657,0.5,1,7,337,0.7,xgboost.XGBClassifier
Set1: K Best: 800px + 2001 Bigram bytes + other features,0.018338399,0.011614672,0.5,1,7,263,0.7,xgboost.XGBClassifier
Set2: XGBClassifier Non Zero Features,0.018371163,0.009126768,0.7,0.5,7,200,0.7,xgboost.XGBClassifier
Set2: XGBClassifier Non Zero Features,0.018391193,0.009128382,0.7,0.5,7,150,0.7,xgboost.XGBClassifier
Set2: XGBClassifier Non Zero Features,0.018391193,0.009128382,0.7,0.5,7,150,0.7,xgboost.XGBClassifier
Set2: XGBClassifier Non Zero Features,0.018391193,0.009128382,0.7,0.5,7,150,0.7,xgboost.XGBClassifier
Set2: XGBClassifier Non Zero Features,0.018399005,0.00914873,0.7,0.5,7,106,0.7,xgboost.XGBClassifier
Set2: XGBClassifier Non Zero Features,0.018429804,0.009139901,0.7,0.5,7,157,0.7,xgboost.XGBClassifier
Set2: XGBClassifier Non Zero Features,0.018458384,0.00953472,0.7,0.5,7,107,0.6,xgboost.XGBClassifier
Set2: XGBClassifier Non Zero Features,0.018671509,0.009584001,0.7,0.5,3,299,0.7,xgboost.XGBClassifier
Set2: XGBClassifier Non Zero Features,0.018677581,0.009645879,0.4,0.5,7,210,0.7,xgboost.XGBClassifier
Set2: XGBClassifier Non Zero Features,0.018706401,0.009658106,0.4,0.5,7,100,0.7,xgboost.XGBClassifier
Set2: XGBClassifier Non Zero Features,0.018726917,0.009656185,0.4,0.5,7,107,0.7,xgboost.XGBClassifier
Set2: XGBClassifier Non Zero Features,0.01890741,0.011322813,0.4,1,7,124,0.7,xgboost.XGBClassifier
Set2: XGBClassifier Non Zero Features,0.019107209,0.009773362,0.6,0.5,3,398,0.4,xgboost.XGBClassifier
Set2: XGBClassifier Non Zero Features,0.019427228,0.009752977,0.5,1,7,368,0.7,xgboost.XGBClassifier
Set2: XGBClassifier Non Zero Features,0.019661705,0.009801018,1,0.5,3,250,0.7,xgboost.XGBClassifier
Set1: K Best: 800px + 2002 Bigram bytes + other features,0.019693762,0.01178651,0.5,1,3,130,0.7,xgboost.XGBClassifier
Set1: K Best: 800px + 2003 Bigram bytes + other features,0.019721267,0.011771818,0.5,1,3,371,0.7,xgboost.XGBClassifier
Set2: XGBClassifier Non Zero Features,0.019725127,0.011027072,0.5,1,3,115,0.4,xgboost.XGBClassifier
Set1: K Best: 800px + 2004 Bigram bytes + other features,0.019768694,0.011808962,0.5,1,3,178,0.7,xgboost.XGBClassifier
Set1: K Best: 800px + 2005 Bigram bytes + other features,0.019782697,0.011778192,0.5,1,3,358,0.7,xgboost.XGBClassifier
Set2: XGBClassifier Non Zero Features,0.019842647,0.010318,0.7,0.5,5,200,0.4,xgboost.XGBClassifier
Set1: K Best: 800px + 2006 Bigram bytes + other features,0.019850416,0.011810794,0.5,1,3,169,0.7,xgboost.XGBClassifier
Set1: K Best: 800px + 2007 Bigram bytes + other features,0.01985722,0.011817099,0.5,1,3,86,0.7,xgboost.XGBClassifier
Set1: K Best: 800px + 2008 Bigram bytes + other features,0.019860579,0.010973773,0.5,0.5,7,67,0.7,xgboost.XGBClassifier
Set1: K Best: 800px + 2009 Bigram bytes + other features,0.01986447,0.011773107,0.5,1,3,172,0.7,xgboost.XGBClassifier
Set1: K Best: 800px + 2010 Bigram bytes + other features,0.01990508,0.011804626,0.5,1,3,51,0.7,xgboost.XGBClassifier
Set2: XGBClassifier Non Zero Features,0.019932978,0.009879139,0.7,0.5,7,228,0.4,xgboost.XGBClassifier
Set2: XGBClassifier Non Zero Features,0.019935754,0.009524425,0.6,0.5,3,334,0.6,xgboost.XGBClassifier
Set2: XGBClassifier Non Zero Features,0.020018562,0.009540144,0.6,0.5,3,312,0.6,xgboost.XGBClassifier
Set1: K Best: 800px + 2011 Bigram bytes + other features,0.020061681,0.011934409,0.6,1,3,264,0.7,xgboost.XGBClassifier
Set2: XGBClassifier Non Zero Features,0.020131678,0.010827718,0.6,1,3,165,0.5,xgboost.XGBClassifier
Set1: K Best: 800px + 2012 Bigram bytes + other features,0.020218415,0.011922667,0.6,1,3,172,0.7,xgboost.XGBClassifier
Set2: XGBClassifier Non Zero Features,0.020247431,0.010041222,0.5,0.5,5,60,0.5,xgboost.XGBClassifier
Set2: XGBClassifier Non Zero Features,0.020279786,0.01151118,0.7,1,5,131,0.4,xgboost.XGBClassifier
Set1: K Best: 800px + 2013 Bigram bytes + other features,0.020673391,0.011064865,0.6,0.5,3,229,0.6,xgboost.XGBClassifier
Set2: XGBClassifier Non Zero Features,0.020682399,0.010295348,0.5,1,7,331,0.6,xgboost.XGBClassifier
Set2: XGBClassifier Non Zero Features,0.020876852,0.009884001,0.7,0.5,3,396,0.5,xgboost.XGBClassifier
Set2: XGBClassifier Non Zero Features,0.021068329,0.009964345,0.7,0.5,3,56,0.5,xgboost.XGBClassifier
Set2: XGBClassifier Non Zero Features,0.021098722,0.009715668,0.7,0.5,7,231,1,xgboost.XGBClassifier
Set2: XGBClassifier Non Zero Features,0.021290603,0.009680479,0.6,0.5,3,97,0.5,xgboost.XGBClassifier
Set2: XGBClassifier Non Zero Features,0.021369182,0.009486575,1,0.5,1,218,0.7,xgboost.XGBClassifier
Set2: XGBClassifier Non Zero Features,0.021494636,0.009787639,0.4,0.5,1,94,0.6,xgboost.XGBClassifier
Set1: K Best: 800px + 2014 Bigram bytes + other features,0.021530685,0.010783592,0.5,0.5,1,189,0.7,xgboost.XGBClassifier
Set2: XGBClassifier Non Zero Features,0.021684701,0.010665177,0.6,1,7,351,0.5,xgboost.XGBClassifier
Set2: XGBClassifier Non Zero Features,0.021774449,0.010048079,0.6,0.5,1,85,0.4,xgboost.XGBClassifier
Set2: XGBClassifier Non Zero Features,0.021848144,0.009810508,0.7,0.5,5,179,1,xgboost.XGBClassifier
Set2: XGBClassifier Non Zero Features,0.021861303,0.01008645,0.7,0.5,7,273,0.5,xgboost.XGBClassifier
Set1: K Best: 800px + 2015 Bigram bytes + other features,0.021907598,0.011767573,0.4,1,3,371,0.5,xgboost.XGBClassifier
Set1: K Best: 800px + 2016 Bigram bytes + other features,0.021913053,0.010660535,0.5,0.5,3,92,1,xgboost.XGBClassifier
Set2: XGBClassifier Non Zero Features,0.022143723,0.010156546,0.4,1,1,193,0.6,xgboost.XGBClassifier
Set2: XGBClassifier Non Zero Features,0.022183394,0.009846234,0.6,0.5,3,42,1,xgboost.XGBClassifier
Set1: K Best: 800px + 2017 Bigram bytes + other features,0.022256602,0.012318881,0.5,1,1,136,0.7,xgboost.XGBClassifier
Set1: K Best: 800px + 2018 Bigram bytes + other features,0.022323848,0.012342867,0.4,1,3,284,0.7,xgboost.XGBClassifier
Set1: K Best: 800px + 2019 Bigram bytes + other features,0.022338084,0.011111476,0.7,1,5,155,1,xgboost.XGBClassifier
Set1: K Best: 800px + 2020 Bigram bytes + other features,0.022338505,0.011111798,0.7,1,5,129,1,xgboost.XGBClassifier
Set1: K Best: 800px + 2021 Bigram bytes + other features,0.022558768,0.010839283,1,0.5,5,354,0.4,xgboost.XGBClassifier
Set1: K Best: 800px + 2022 Bigram bytes + other features,0.022675432,0.011246046,0.5,1,1,252,0.5,xgboost.XGBClassifier
Set1: K Best: 800px + 2023 Bigram bytes + other features,0.022690893,0.01165833,0.6,0.5,5,35,0.4,xgboost.XGBClassifier
Set1: K Best: 800px + 2024 Bigram bytes + other features,0.022751753,0.01131114,0.7,0.5,7,337,0.7,xgboost.XGBClassifier
Set1: K Best: 800px + 2025 Bigram bytes + other features,0.022776673,0.01290592,0.4,1,3,377,0.4,xgboost.XGBClassifier
Set1: K Best: 800px + 2026 Bigram bytes + other features,0.022825191,0.01132999,0.7,0.5,7,360,0.7,xgboost.XGBClassifier
Set1: K Best: 800px + 2027 Bigram bytes + other features,0.022875808,0.011593401,0.4,0.5,3,269,0.4,xgboost.XGBClassifier
Set1: K Best: 800px + 2028 Bigram bytes + other features,0.02299223,0.011084937,1,0.5,7,267,0.7,xgboost.XGBClassifier
Set2: XGBClassifier Non Zero Features,0.023025654,0.010746777,0.7,1,3,378,0.4,xgboost.XGBClassifier
Set1: K Best: 800px + 2029 Bigram bytes + other features,0.023054859,0.012176663,0.5,1,7,109,0.4,xgboost.XGBClassifier
Set1: K Best: 800px + 2030 Bigram bytes + other features,0.023209937,0.011106938,1,1,7,78,1,xgboost.XGBClassifier
Set1: K Best: 800px + 2031 Bigram bytes + other features,0.023209993,0.011106989,1,1,7,62,1,xgboost.XGBClassifier
Set1: K Best: 800px + 2032 Bigram bytes + other features,0.02321057,0.011324397,0.4,0.5,7,105,0.6,xgboost.XGBClassifier
Set2: XGBClassifier Non Zero Features,0.023248387,0.010688455,0.6,1,3,247,1,xgboost.XGBClassifier
Set1: K Best: 800px + 2033 Bigram bytes + other features,0.023395187,0.011850003,0.7,1,1,34,0.6,xgboost.XGBClassifier
Set2: XGBClassifier Non Zero Features,0.023425612,0.011407115,0.7,1,5,290,0.5,xgboost.XGBClassifier
Set1: K Best: 800px + 2034 Bigram bytes + other features,0.023445998,0.010653325,1,0.5,5,333,0.6,xgboost.XGBClassifier
Set1: K Best: 800px + 2035 Bigram bytes + other features,0.023690378,0.011674672,0.5,0.5,1,322,0.4,xgboost.XGBClassifier
Set1: K Best: 800px + 2036 Bigram bytes + other features,0.023729981,0.011484584,0.7,0.5,5,183,0.5,xgboost.XGBClassifier
Set2: XGBClassifier Non Zero Features,0.023756433,0.010279731,0.5,1,7,166,1,xgboost.XGBClassifier
Set1: K Best: 800px + 2037 Bigram bytes + other features,0.023828011,0.011843192,0.7,0.5,7,340,0.4,xgboost.XGBClassifier
Set1: K Best: 800px + 2038 Bigram bytes + other features,0.024364089,0.013104938,0.6,1,7,384,0.5,xgboost.XGBClassifier
Set1: K Best: 800px + 2039 Bigram bytes + other features,0.024369053,0.012667357,0.5,1,5,93,0.6,xgboost.XGBClassifier
Set1: K Best: 800px + 2040 Bigram bytes + other features,0.024578942,0.012231476,0.7,1,7,213,0.6,xgboost.XGBClassifier
Set1: K Best: 800px + 2041 Bigram bytes + other features,0.024756108,0.012603433,0.4,1,7,388,0.4,xgboost.XGBClassifier
Set1: K Best: 800px + 2042 Bigram bytes + other features,0.024940797,0.012794962,0.5,1,3,178,0.5,xgboost.XGBClassifier
Set1: K Best: 800px + 2043 Bigram bytes + other features,0.025111832,0.012704606,0.5,1,7,320,0.6,xgboost.XGBClassifier
Set1: K Best: 800px + 2044 Bigram bytes + other features,0.025682816,0.011925089,0.7,1,7,295,1,xgboost.XGBClassifier
Set1: K Best: 800px + 2045 Bigram bytes + other features,0.02584384,0.012472193,1,1,7,68,0.7,xgboost.XGBClassifier
Set2: XGBClassifier Non Zero Features,0.026475429,0.010508179,1,1,5,384,0.6,xgboost.XGBClassifier
Set2: XGBClassifier Non Zero Features,0.026572867,0.010455835,1,1,5,104,0.6,xgboost.XGBClassifier
Set1: K Best: 800px + 2046 Bigram bytes + other features,0.027163048,0.012556579,0.6,1,7,391,0.6,xgboost.XGBClassifier
Set1: K Best: 800px + 2047 Bigram bytes + other features,0.027801863,0.011928855,0.5,1,7,330,1,xgboost.XGBClassifier
Set2: XGBClassifier Non Zero Features,0.029239668,0.014324815,1,1,1,260,1,xgboost.XGBClassifier
Set2: XGBClassifier Non Zero Features,0.066988922,0.053036384,0.6,1,1,260,0.7,xgboost.XGBClassifier
Set2: XGBClassifier Non Zero Features,0.165514583,0.155804526,0.6,1,1,45,0.6,xgboost.XGBClassifier
Set1: K Best: 800px + 2048 Bigram bytes + other features,0.223356583,0.210075654,0.5,1,1,97,1,xgboost.XGBClassifier
Set1: K Best: 800px + 2049 Bigram bytes + other features,0.269903133,0.253713051,0.6,1,1,112,1,xgboost.XGBClassifier
